[
	{
		"id": "drill-1",
		"name": "Linking Wedge Turns in a Fall Line",
		"difficulty": 1,
		"description": "Linking Wedge Description is Lorem ipsum dolor sit amet, consectetur adipiscing elit. Phasellus facilisis, mi commodo luctus posuere, lacus tellus pellentesque turpis, nec dignissim justo enim eu justo. Phasellus ultrices laoreet ipsum, a faucibus leo. Suspendisse mattis, tortor nec fringilla cursus, turpis metus malesuada ipsum, vel faucibus mauris arcu quis odio. Phasellus suscipit maximus arcu sed blandit. Nullam eu molestie magna. Curabitur quis orci nec ante gravida elementum. Vestibulum eleifend fringilla porttitor.",
		"objectives": "Linking Wedge Objectives are Orci varius natoque penatibus et magnis dis parturient montes, nascetur ridiculus mus",
		"terrain": "Beginner slope",
		"variations": "Variations are Nam ac ipsum in massa finibus consequat sit amet porta velit. Sed elementum ante ut elit consequat lacinia. Donec congue ligula ornare aliquam venenatis. Mauris non viverra tortor. Donec blandit massa odio, nec tempor ligula dictum eu. Sed est metus, accumsan et vehicula ac, tristique quis sem. Cras facilisis consectetur est et pellentesque."
	},
	{
		"id": "drill-2",
		"name": "Hop Turns",
		"difficulty": 2,
		"description": "Hop Turns Description is Lorem ipsum dolor sit amet, consectetur adipiscing elit. Phasellus facilisis, mi commodo luctus posuere, lacus tellus pellentesque turpis, nec dignissim justo enim eu justo. Phasellus ultrices laoreet ipsum, a faucibus leo. Suspendisse mattis, tortor nec fringilla cursus, turpis metus malesuada ipsum, vel faucibus mauris arcu quis odio. Phasellus suscipit maximus arcu sed blandit. Nullam eu molestie magna. Curabitur quis orci nec ante gravida elementum. Vestibulum eleifend fringilla porttitor.",
		"objectives": "Hop Turns Objectives are Orci varius natoque penatibus et magnis dis parturient montes, nascetur ridiculus mus",
		"terrain": "Beginner slope",
		"variations": "Variations are Nam ac ipsum in massa finibus consequat sit amet porta velit. Sed elementum ante ut elit consequat lacinia. Donec congue ligula ornare aliquam venenatis. Mauris non viverra tortor. Donec blandit massa odio, nec tempor ligula dictum eu. Sed est metus, accumsan et vehicula ac, tristique quis sem. Cras facilisis consectetur est et pellentesque."

	},
	{
		"id": "drill-3",
		"name": "Backflips",
		"difficulty": 3,
		"description": "Backflips Description is Lorem ipsum dolor sit amet, consectetur adipiscing elit. Phasellus facilisis, mi commodo luctus posuere, lacus tellus pellentesque turpis, nec dignissim justo enim eu justo. Phasellus ultrices laoreet ipsum, a faucibus leo. Suspendisse mattis, tortor nec fringilla cursus, turpis metus malesuada ipsum, vel faucibus mauris arcu quis odio. Phasellus suscipit maximus arcu sed blandit. Nullam eu molestie magna. Curabitur quis orci nec ante gravida elementum. Vestibulum eleifend fringilla porttitor.",
		"objectives": "Backflips Objectives are Orci varius natoque penatibus et magnis dis parturient montes, nascetur ridiculus mus",
		"terrain": "Beginner slope",
		"variations": "Variations are Nam ac ipsum in massa finibus consequat sit amet porta velit. Sed elementum ante ut elit consequat lacinia. Donec congue ligula ornare aliquam venenatis. Mauris non viverra tortor. Donec blandit massa odio, nec tempor ligula dictum eu. Sed est metus, accumsan et vehicula ac, tristique quis sem. Cras facilisis consectetur est et pellentesque."

	},
	{
		"id": "drill-4",
		"name": "180's",
		"difficulty": 1,
		"description": "180's Description is Lorem ipsum dolor sit amet, consectetur adipiscing elit. Phasellus facilisis, mi commodo luctus posuere, lacus tellus pellentesque turpis, nec dignissim justo enim eu justo. Phasellus ultrices laoreet ipsum, a faucibus leo. Suspendisse mattis, tortor nec fringilla cursus, turpis metus malesuada ipsum, vel faucibus mauris arcu quis odio. Phasellus suscipit maximus arcu sed blandit. Nullam eu molestie magna. Curabitur quis orci nec ante gravida elementum. Vestibulum eleifend fringilla porttitor.",
		"objectives": "180's Objectives are Orci varius natoque penatibus et magnis dis parturient montes, nascetur ridiculus mus",
		"terrain": "Beginner slope",
		"variations": "Variations are Nam ac ipsum in massa finibus consequat sit amet porta velit. Sed elementum ante ut elit consequat lacinia. Donec congue ligula ornare aliquam venenatis. Mauris non viverra tortor. Donec blandit massa odio, nec tempor ligula dictum eu. Sed est metus, accumsan et vehicula ac, tristique quis sem. Cras facilisis consectetur est et pellentesque."

	},
	{
		"id": "drill-5",
		"name": "360's",
		"difficulty": 2,
		"description": "360's Description is Lorem ipsum dolor sit amet, consectetur adipiscing elit. Phasellus facilisis, mi commodo luctus posuere, lacus tellus pellentesque turpis, nec dignissim justo enim eu justo. Phasellus ultrices laoreet ipsum, a faucibus leo. Suspendisse mattis, tortor nec fringilla cursus, turpis metus malesuada ipsum, vel faucibus mauris arcu quis odio. Phasellus suscipit maximus arcu sed blandit. Nullam eu molestie magna. Curabitur quis orci nec ante gravida elementum. Vestibulum eleifend fringilla porttitor.",
		"objectives": "360's Objectives are Orci varius natoque penatibus et magnis dis parturient montes, nascetur ridiculus mus",
		"terrain": "Beginner slope",
		"variations": "Variations are Nam ac ipsum in massa finibus consequat sit amet porta velit. Sed elementum ante ut elit consequat lacinia. Donec congue ligula ornare aliquam venenatis. Mauris non viverra tortor. Donec blandit massa odio, nec tempor ligula dictum eu. Sed est metus, accumsan et vehicula ac, tristique quis sem. Cras facilisis consectetur est et pellentesque."

	},
	{
		"id": "drill-6",
		"name": "520's",
		"difficulty": 2,
		"description": "520's Description is Lorem ipsum dolor sit amet, consectetur adipiscing elit. Phasellus facilisis, mi commodo luctus posuere, lacus tellus pellentesque turpis, nec dignissim justo enim eu justo. Phasellus ultrices laoreet ipsum, a faucibus leo. Suspendisse mattis, tortor nec fringilla cursus, turpis metus malesuada ipsum, vel faucibus mauris arcu quis odio. Phasellus suscipit maximus arcu sed blandit. Nullam eu molestie magna. Curabitur quis orci nec ante gravida elementum. Vestibulum eleifend fringilla porttitor.",
		"objectives": "520's Objectives are Orci varius natoque penatibus et magnis dis parturient montes, nascetur ridiculus mus",
		"terrain": "Beginner slope",
		"variations": "Variations are Nam ac ipsum in massa finibus consequat sit amet porta velit. Sed elementum ante ut elit consequat lacinia. Donec congue ligula ornare aliquam venenatis. Mauris non viverra tortor. Donec blandit massa odio, nec tempor ligula dictum eu. Sed est metus, accumsan et vehicula ac, tristique quis sem. Cras facilisis consectetur est et pellentesque."

	},
	{
		"id": "drill-7",
		"name": "720's",
		"difficulty": 2,
		"description": "720's Description is Lorem ipsum dolor sit amet, consectetur adipiscing elit. Phasellus facilisis, mi commodo luctus posuere, lacus tellus pellentesque turpis, nec dignissim justo enim eu justo. Phasellus ultrices laoreet ipsum, a faucibus leo. Suspendisse mattis, tortor nec fringilla cursus, turpis metus malesuada ipsum, vel faucibus mauris arcu quis odio. Phasellus suscipit maximus arcu sed blandit. Nullam eu molestie magna. Curabitur quis orci nec ante gravida elementum. Vestibulum eleifend fringilla porttitor.",
		"objectives": "720's Objectives are Orci varius natoque penatibus et magnis dis parturient montes, nascetur ridiculus mus",
		"terrain": "Beginner slope",
		"variations": "Variations are Nam ac ipsum in massa finibus consequat sit amet porta velit. Sed elementum ante ut elit consequat lacinia. Donec congue ligula ornare aliquam venenatis. Mauris non viverra tortor. Donec blandit massa odio, nec tempor ligula dictum eu. Sed est metus, accumsan et vehicula ac, tristique quis sem. Cras facilisis consectetur est et pellentesque."

	},
	{
		"id": "drill-8",
		"name": "900's",
		"difficulty": 2,
		"description": "900's Description is Lorem ipsum dolor sit amet, consectetur adipiscing elit. Phasellus facilisis, mi commodo luctus posuere, lacus tellus pellentesque turpis, nec dignissim justo enim eu justo. Phasellus ultrices laoreet ipsum, a faucibus leo. Suspendisse mattis, tortor nec fringilla cursus, turpis metus malesuada ipsum, vel faucibus mauris arcu quis odio. Phasellus suscipit maximus arcu sed blandit. Nullam eu molestie magna. Curabitur quis orci nec ante gravida elementum. Vestibulum eleifend fringilla porttitor.",
		"objectives": "900's Objectives are Orci varius natoque penatibus et magnis dis parturient montes, nascetur ridiculus mus",
		"terrain": "Beginner slope",
		"variations": "Variations are Nam ac ipsum in massa finibus consequat sit amet porta velit. Sed elementum ante ut elit consequat lacinia. Donec congue ligula ornare aliquam venenatis. Mauris non viverra tortor. Donec blandit massa odio, nec tempor ligula dictum eu. Sed est metus, accumsan et vehicula ac, tristique quis sem. Cras facilisis consectetur est et pellentesque."
	},
	{
		"id": "drill-9",
		"name": "Ninja Rolls",
		"difficulty": 2,
		"description": "Ninja Rolls Description is Lorem ipsum dolor sit amet, consectetur adipiscing elit. Phasellus facilisis, mi commodo luctus posuere, lacus tellus pellentesque turpis, nec dignissim justo enim eu justo. Phasellus ultrices laoreet ipsum, a faucibus leo. Suspendisse mattis, tortor nec fringilla cursus, turpis metus malesuada ipsum, vel faucibus mauris arcu quis odio. Phasellus suscipit maximus arcu sed blandit. Nullam eu molestie magna. Curabitur quis orci nec ante gravida elementum. Vestibulum eleifend fringilla porttitor.",
		"objectives": "Ninja Rolls Objectives are Orci varius natoque penatibus et magnis dis parturient montes, nascetur ridiculus mus",
		"terrain": "Beginner slope",
		"variations": "Variations are Nam ac ipsum in massa finibus consequat sit amet porta velit. Sed elementum ante ut elit consequat lacinia. Donec congue ligula ornare aliquam venenatis. Mauris non viverra tortor. Donec blandit massa odio, nec tempor ligula dictum eu. Sed est metus, accumsan et vehicula ac, tristique quis sem. Cras facilisis consectetur est et pellentesque."
	}
]