[
  {
    "id": "session-1a",
    "phase": "phase-1",
    "program": "program-1",
    "location": "location-1",
    "description": "In this session we will focus on strength training for the Sun Valley competition next week",
    "start_date": "2017-09-02T09:00:00.000Z",
    "end_date": "2017-09-02T10:00:00.000Z",
    "attendees": ["athlete-2","athlete-3","trainer-1","trainer-2","trainer-3"],
    "session_users": ["session-1a:athlete-2","session-1a:athlete-3"],
    "timerStarted": "",
    "duration": "2:16:03",
    "isCompleted": true
  },
  {
    "id": "session-1b",
    "phase": "phase-1",
    "program": "program-1",
    "location": "location-1",
    "description": "In this Phase 1 B session we will focus on strength training for the Sun Valley competition next week",
    "start_date": "2017-09-03T09:00:00.000Z",
    "end_date": "2017-09-03T10:00:00.000Z",
    "attendees": ["athlete-1","athlete-2","athlete-3","trainer-1","trainer-2","trainer-3"],
    "session_users": ["session-1b:athlete-1","session-1b:athlete-2","session-1b:athlete-3"],
    "timerStarted": "",
    "duration": "2:16:03",
    "isCompleted": true
  },
  {
    "id": "session-1c",
    "phase": "phase-1",
    "program": "program-1",
    "location": "location-2",
    "description": "In this Phase 1 C session we will focus on strength training for the Sun Valley competition next week",
    "start_date": "2017-09-08T09:00:00.000Z",
    "end_date": "2017-09-08T10:00:00.000Z",
    "attendees": ["athlete-1","athlete-2","athlete-3","trainer-1","trainer-2","trainer-3"],
    "session_users": ["session-1c:athlete-1","session-1c:athlete-2","session-1c:athlete-3"],
    "timerStarted": "",
    "duration": "2:16:03",
    "isCompleted": false
  },
  {
    "id": "session-2a",
    "phase": "phase-2",
    "program": "program-2",
    "location": "location-4",
    "description": "In this Phase 2 A session we will focus on strength training for the Sun Valley competition next week",
    "start_date": "2017-09-02T09:00:00.000Z",
    "end_date": "2017-09-02T10:00:00.000Z",
    "attendees": ["athlete-1","athlete-2","athlete-3","trainer-1","trainer-2","trainer-3"],
    "session_users": ["session-2a:athlete-1","session-2a:athlete-2","session-2a:athlete-3"],
    "timerStarted": "",
    "duration": "2:16:03",
    "isCompleted": false
  },
  {
    "id": "session-2b",
    "phase": "phase-2",
    "program": "program-2",
    "location": "location-4",
    "description": "In this Phase 2 B session we will focus on strength training for the Sun Valley competition next week",
    "start_date": "2017-09-10T09:00:00.000Z",
    "end_date": "2017-09-10T10:00:00.000Z",
    "attendees": ["athlete-1","athlete-2","athlete-3","trainer-1","trainer-2","trainer-3"],
    "session_users": ["session-2b:athlete-1","session-2b:athlete-2","session-2b:athlete-3"],
    "timerStarted": "",
    "duration": "2:16:03",
    "isCompleted": false
  },
  {
    "id": "session-3a",
    "phase": "phase-3",
    "program": "program-3",
    "location": "location-4",
    "description": "In this Phase 3 A session we will focus on strength training for the Sun Valley competition next week",
    "start_date": "2017-09-12T09:00:00.000Z",
    "end_date": "2017-09-12T10:00:00.000Z",
    "attendees": ["athlete-1","athlete-2","athlete-3","trainer-1","trainer-2","trainer-3"],
    "session_users": ["session-3a:athlete-1","session-3a:athlete-2","session-3a:athlete-3"],
    "timerStarted": "",
    "duration": "2:16:03",
    "isCompleted": false
  }
]
